{
  "name": "erhant-work-963.local",
  "os_type": "mac_metal",
  "is_head": true,
  "is_unified_mem": true,
  "has_cuda": false,
  "has_metal": true,
  "scpu": {
    "f32": {
      "b_1": 742444304075.1757,
      "b_2": 732290734755.7258,
      "b_4": 722429260642.6373,
      "b_8": 664788830865.4131,
      "b_16": 820073945652.8823,
      "b_32": 842244731401.5059
    },
    "fp16": {
      "b_1": 1490092905712.7773,
      "b_2": 1607071954706.8726,
      "b_4": 979115585927.6248,
      "b_8": 1096328882800.1335,
      "b_16": 1146683904209.894,
      "b_32": 1304200275638.2754
    },
    "bf16": {
      "b_1": 1428425147599.6055,
      "b_2": 1411638110155.0605,
      "b_4": 1389605117564.1309,
      "b_8": 1595145680477.0286,
      "b_16": 1605034963433.168,
      "b_32": 1495383251509.0679
    }
  },
  "T_cpu": 31358633820.378403,
  "t_kvcpy_cpu": 6.370306011860283e-8,
  "t_kvcpy_gpu": 6.370306011860283e-8,
  "t_ram2vram": 0.0,
  "t_vram2ram": 0.0,
  "t_comm": 0.0,
  "s_disk": 7425109.989165282,
  "d_avail_ram": 3342925824,
  "sgpu_cuda": null,
  "sgpu_metal": {
    "f32": {
      "b_1": 742444304075.1757,
      "b_2": 732290734755.7258,
      "b_4": 722429260642.6373,
      "b_8": 664788830865.4131,
      "b_16": 820073945652.8823,
      "b_32": 842244731401.5059
    },
    "fp16": {
      "b_1": 1490092905712.7773,
      "b_2": 1607071954706.8726,
      "b_4": 979115585927.6248,
      "b_8": 1096328882800.1335,
      "b_16": 1146683904209.894,
      "b_32": 1304200275638.2754
    },
    "bf16": {
      "b_1": 1428425147599.6055,
      "b_2": 1411638110155.0605,
      "b_4": 1389605117564.1309,
      "b_8": 1595145680477.0286,
      "b_16": 1605034963433.168,
      "b_32": 1495383251509.0679
    }
  },
  "T_cuda": null,
  "T_metal": 71357415374.84303,
  "d_avail_cuda": null,
  "d_avail_metal": 3342925824,
  "c_cpu": 0,
  "c_gpu": 0,
  "d_bytes_can_swap": 11811160064,
  "d_swap_avail": 669450240
}
