{"name": "Mehmets-MacBook-Air.local", "os_type": "mac_metal", "is_head": true, "is_unified_mem": true, "has_cuda": false, "has_metal": true, "scpu": {"f32": {"b_1": 2792029901732.473, "b_2": 2759792365815.7134, "b_4": 2750662702577.8105, "b_8": 2695936470265.107, "b_16": 2705144525258.77, "b_32": 2503376673118.9297}, "fp16": {"b_1": 3029877166073.323, "b_2": 2971601518689.3135, "b_4": 3039430987197.3613, "b_8": 2998578630841.2847, "b_16": 2979418578463.4746, "b_32": 2674993315253.998}, "bf16": {"b_1": 2651297489269.1562, "b_2": 2382561921307.839, "b_4": 2456010349566.1323, "b_8": 2536612444733.9614, "b_16": 2427000850011.847, "b_32": 2290492822055.3765}}, "T_cpu": 43241553438.17686, "t_kvcpy_cpu": 1.9972846813931522e-08, "t_kvcpy_gpu": 1.9972846813931522e-08, "t_ram2vram": 0.0, "t_vram2ram": 0.0, "t_comm": 0.02, "s_disk": 940926.5716079305, "d_avail_ram": 7624671232, "sgpu_cuda": null, "sgpu_metal": {"f32": {"b_1": 2792029901732.473, "b_2": 2759792365815.7134, "b_4": 2750662702577.8105, "b_8": 2695936470265.107, "b_16": 2705144525258.77, "b_32": 2503376673118.9297}, "fp16": {"b_1": 3029877166073.323, "b_2": 2971601518689.3135, "b_4": 3039430987197.3613, "b_8": 2998578630841.2847, "b_16": 2979418578463.4746, "b_32": 2674993315253.998}, "bf16": {"b_1": 2651297489269.1562, "b_2": 2382561921307.839, "b_4": 2456010349566.1323, "b_8": 2536612444733.9614, "b_16": 2427000850011.847, "b_32": 2290492822055.3765}}, "T_cuda": null, "T_metal": 201523392178.87704, "d_avail_cuda": null, "d_avail_metal": 7624671232, "c_cpu": 0, "c_gpu": 0, "d_bytes_can_swap": 4294967296, "d_swap_avail": 1409810432}