{"name": "Mehmets-MacBook-Air.local", "os_type": "mac_metal", "is_head": true, "is_unified_mem": true, "has_cuda": false, "has_metal": true, "scpu": {"f32": {"b_1": 1566554973552.7808, "b_2": 1680457649225.0881, "b_4": 1747283945367.2844, "b_8": 1780543847401.5544, "b_16": 1669123337962.6853, "b_32": 1601137357424.2383}, "fp16": {"b_1": 1639921368889.6858, "b_2": 1774659647623.1047, "b_4": 1848490338401.0334, "b_8": 1889835741209.8057, "b_16": 1684452170001.295, "b_32": 1585187956499.9253}, "bf16": {"b_1": 1643475677541.9414, "b_2": 1775513538703.2625, "b_4": 1850814716544.9326, "b_8": 1890216673583.866, "b_16": 1670394374106.6401, "b_32": 1579679507162.576}}, "T_cpu": 45005133036.81781, "t_kvcpy_cpu": 1.9820631464231853e-08, "t_kvcpy_gpu": 1.9820631464231853e-08, "t_ram2vram": 0.0, "t_vram2ram": 0.0, "t_comm": 0.0, "s_disk": 11181989.227461016, "d_avail_ram": 6510428160, "sgpu_cuda": null, "sgpu_metal": {"f32": {"b_1": 2771194542216.402, "b_2": 2715073133409.605, "b_4": 2681385246751.58, "b_8": 2677267849636.5425, "b_16": 2282941571457.9526, "b_32": 1689572970467.1594}, "fp16": {"b_1": 1775300463425.861, "b_2": 1998954859863.7178, "b_4": 1941671665816.7317, "b_8": 1571350551048.1545, "b_16": 1326841979478.239, "b_32": 1528489408764.1655}, "bf16": {"b_1": 1755104627809.9888, "b_2": 1543335228175.697, "b_4": 1566491949548.4614, "b_8": 1661841243274.2793, "b_16": 1484604024325.5427, "b_32": 1470691833843.7554}}, "T_cuda": null, "T_metal": 189295936169.81723, "d_avail_cuda": null, "d_avail_metal": 6510428160, "c_cpu": 0, "c_gpu": 0, "d_bytes_can_swap": 6442450944, "d_swap_avail": 1450180608}