{"name": "Omers-MacBook-Pro-1278.local", "os_type": "mac_metal", "is_head": true, "is_unified_mem": true, "has_cuda": false, "has_metal": true, "scpu": {"f32": {"b_1": 8393706653571.74, "b_2": 8444356721536.227, "b_4": 8422023332308.047, "b_8": 8478373323440.96, "b_16": 8501119157665.939, "b_32": 7803870549107.657}, "fp16": {"b_1": 9441854385142.314, "b_2": 9521136723710.533, "b_4": 9581115343200.807, "b_8": 9564989636293.807, "b_16": 9595014799993.984, "b_32": 9610919822636.527}, "bf16": {"b_1": 7997416732099.562, "b_2": 8070442830523.455, "b_4": 8109236596812.59, "b_8": 8127244467851.436, "b_16": 8094836509413.479, "b_32": 7857903441912.266}}, "T_cpu": 35954637699.52872, "t_kvcpy_cpu": 4.136601922111183e-08, "t_kvcpy_gpu": 4.136601922111183e-08, "t_ram2vram": 0.0, "t_vram2ram": 0.0, "t_comm": 0.02, "s_disk": 259035574.52614087, "d_avail_ram": 8743092224, "sgpu_cuda": null, "sgpu_metal": {"f32": {"b_1": 8393706653571.74, "b_2": 8444356721536.227, "b_4": 8422023332308.047, "b_8": 8478373323440.96, "b_16": 8501119157665.939, "b_32": 7803870549107.657}, "fp16": {"b_1": 9441854385142.314, "b_2": 9521136723710.533, "b_4": 9581115343200.807, "b_8": 9564989636293.807, "b_16": 9595014799993.984, "b_32": 9610919822636.527}, "bf16": {"b_1": 7997416732099.562, "b_2": 8070442830523.455, "b_4": 8109236596812.59, "b_8": 8127244467851.436, "b_16": 8094836509413.479, "b_32": 7857903441912.266}}, "T_cuda": null, "T_metal": 602407930227.6587, "d_avail_cuda": null, "d_avail_metal": 8743092224, "c_cpu": 0, "c_gpu": 0, "d_bytes_can_swap": 12884901888, "d_swap_avail": 699793408}