{
  "name": "erhant-work-963.local",
  "os_type": "mac_metal",
  "is_head": true,
  "is_unified_mem": true,
  "has_cuda": false,
  "has_metal": true,
  "scpu": {
    "f32": {
      "b_1": 0.0,
      "b_2": 733685794917.5846,
      "b_4": 796910973057.6853,
      "b_8": 846159976424.344,
      "b_16": 679767639723.6139,
      "b_32": 715764051693.4541
    },
    "fp16": {
      "b_1": 952808438511.762,
      "b_2": 1239598859774.311,
      "b_4": 1182291639611.0706,
      "b_8": 1266354502057.6458,
      "b_16": 1059695444971.9891,
      "b_32": 1403077679338.8987
    },
    "bf16": {
      "b_1": 1327519391683.147,
      "b_2": 1250649170783.7048,
      "b_4": 1155121919602.8394,
      "b_8": 1212743317496.9792,
      "b_16": 1329081466507.3945,
      "b_32": 1213945215872.9158
    }
  },
  "T_cpu": 26595569837.04846,
  "t_kvcpy_cpu": 7.873217106046937e-8,
  "t_kvcpy_gpu": 7.873217106046937e-8,
  "t_ram2vram": 0.0,
  "t_vram2ram": 0.0,
  "t_comm": 0.0,
  "s_disk": 10502766.079212822,
  "d_avail_ram": 3235512320,
  "sgpu_cuda": null,
  "sgpu_metal": {
    "f32": {
      "b_1": 0.0,
      "b_2": 733685794917.5846,
      "b_4": 796910973057.6853,
      "b_8": 846159976424.344,
      "b_16": 679767639723.6139,
      "b_32": 715764051693.4541
    },
    "fp16": {
      "b_1": 952808438511.762,
      "b_2": 1239598859774.311,
      "b_4": 1182291639611.0706,
      "b_8": 1266354502057.6458,
      "b_16": 1059695444971.9891,
      "b_32": 1403077679338.8987
    },
    "bf16": {
      "b_1": 1327519391683.147,
      "b_2": 1250649170783.7048,
      "b_4": 1155121919602.8394,
      "b_8": 1212743317496.9792,
      "b_16": 1329081466507.3945,
      "b_32": 1213945215872.9158
    }
  },
  "T_cuda": null,
  "T_metal": 65064912791.01958,
  "d_avail_cuda": null,
  "d_avail_metal": 3235512320,
  "c_cpu": 0,
  "c_gpu": 0,
  "d_bytes_can_swap": 9663676416,
  "d_swap_avail": 320536576
}
