{"name": "Omers-Mac-mini.local", "os_type": "mac_metal", "is_head": false, "is_unified_mem": true, "has_cuda": false, "has_metal": true, "scpu": {"f32": {"b_1": 6605236955700.376, "b_2": 6671142691834.013, "b_4": 6677902943735.62, "b_8": 6708792523037.648, "b_16": 6385511537130.802, "b_32": 5605532276457.144}, "fp16": {"b_1": 6877383468221.51, "b_2": 6872152893168.366, "b_4": 6981924127481.187, "b_8": 7007887619417.673, "b_16": 7074590110366.653, "b_32": 7144452572478.697}, "bf16": {"b_1": 7356562613894.8125, "b_2": 7213090281584.586, "b_4": 7259727468067.576, "b_8": 7388847301846.769, "b_16": 7406412149710.789, "b_32": 7381206381680.615}}, "T_cpu": 57679728152.29679, "t_kvcpy_cpu": 2.0487508772815133e-08, "t_kvcpy_gpu": 2.0487508772815133e-08, "t_ram2vram": 0.0, "t_vram2ram": 0.0, "t_comm": 0.02, "s_disk": 788071188.811138, "d_avail_ram": 5112053760, "sgpu_cuda": null, "sgpu_metal": {"f32": {"b_1": 6605236955700.376, "b_2": 6671142691834.013, "b_4": 6677902943735.62, "b_8": 6708792523037.648, "b_16": 6385511537130.802, "b_32": 5605532276457.144}, "fp16": {"b_1": 6877383468221.51, "b_2": 6872152893168.366, "b_4": 6981924127481.187, "b_8": 7007887619417.673, "b_16": 7074590110366.653, "b_32": 7144452572478.697}, "bf16": {"b_1": 7356562613894.8125, "b_2": 7213090281584.586, "b_4": 7259727468067.576, "b_8": 7388847301846.769, "b_16": 7406412149710.789, "b_32": 7381206381680.615}}, "T_cuda": null, "T_metal": 496413232403.21985, "d_avail_cuda": null, "d_avail_metal": 5112053760, "c_cpu": 0, "c_gpu": 0, "d_bytes_can_swap": 5368709120, "d_swap_avail": 764870656}