{
    "name": "Omers-MacBook-Pro-1073.local",
    "os_type": "mac_metal",
    "is_head": true,
    "is_unified_mem": true,
    "has_cuda": false,
    "has_metal": true,
    "scpu": {
        "f64": 559896664403.0977,
        "f32": 1801580247533.8948,
        "fp16": 1346246301955.591,
        "bf16": 750868421629.4198
    },
    "T_cpu": 31260944485.552986,
    "t_kvcpy_cpu": 0.001930964843751326,
    "t_kvcpy_gpu": 0.001930964843751326,
    "t_ram2vram": 0,
    "t_vram2ram": 0,
    "t_comm": 0.5,
    "s_disk": 290084983.2982311,
    "d_avail_ram": 13856079872,
    "sgpu_cuda": null,
    "sgpu_metal": {
        "f32": 602323615454.3015,
        "fp16": 724196697555.5894,
        "bf16": 705635676080.2158
    },
    "T_cuda": null,
    "T_metal": 166733333270.45053,
    "d_avail_cuda": null,
    "d_avail_metal": 13856079872,
    "c_cpu": 0,
    "c_gpu": 0,
    "d_bytes_can_swap": 2147483648,
    "d_swap_avail": 1486946304
}