{
    "name": "Omers-Mac-mini.local",
    "os_type": "mac_metal",
    "is_head": true,
    "is_unified_mem": true,
    "has_cuda": false,
    "has_metal": true,
    "scpu": {
        "f64": 631798659229.0742,
        "f32": 1947237525457.6167,
        "fp16": 2001069413114.9077,
        "bf16": 1974087700676.5042
    },
    "T_cpu": 60053793169.62317,
    "t_kvcpy_cpu": 0.0011397753906265962,
    "t_kvcpy_gpu": 0.0011397753906265962,
    "t_ram2vram": 0,
    "t_vram2ram": 0,
    "t_comm": 0.5,
    "s_disk": 437256470.70603704,
    "d_avail_ram": 7321141248,
    "sgpu_cuda": null,
    "sgpu_metal": {
        "f32": 569674476177.1808,
        "fp16": 630653505170.4635,
        "bf16": 882770349700.8906
    },
    "T_cuda": null,
    "T_metal": 111043710656.31718,
    "d_avail_cuda": null,
    "d_avail_metal": 7321141248,
    "c_cpu": 0,
    "c_gpu": 0,
    "d_bytes_can_swap": 0,
    "d_swap_avail": 0
}