{
    "name": "Omers-MacBook-Pro-1278.local",
    "os_type": "mac_metal",
    "is_head": true,
    "is_unified_mem": true,
    "has_cuda": false,
    "has_metal": true,
    "scpu": {
        "f64": 420158702476.9327,
        "f32": 2134057221521.5984,
        "fp16": 1937178697725.7927,
        "bf16": 836193310916.4304
    },
    "T_cpu": 29219352927.532787,
    "t_kvcpy_cpu": 8.431974796163644e-8,
    "t_kvcpy_gpu": 8.431974796163644e-8,
    "t_ram2vram": 0,
    "t_vram2ram": 0,
    "t_comm": 0.5,
    "s_disk": 301453545.13538384,
    "d_avail_ram": 12488179712,
    "sgpu_cuda": null,
    "sgpu_metal": {
        "f32": 7767168450283.019,
        "fp16": 9431619095180.303,
        "bf16": 7992171198819.181
    },
    "T_cuda": null,
    "T_metal": 60053586617.733315,
    "d_avail_cuda": null,
    "d_avail_metal": 12488179712,
    "c_cpu": 0,
    "c_gpu": 0,
    "d_bytes_can_swap": 2147483648,
    "d_swap_avail": 1101987840
}