{
    "name": "erhans-macbook-air-2.tailc40f44.ts.net",
    "os_type": "mac_metal",
    "is_head": true,
    "is_unified_mem": true,
    "has_cuda": false,
    "has_metal": true,
    "scpu": {
        "f64": 239189541585.03665,
        "f32": 929294793145.1078,
        "fp16": 1055155789394.9181,
        "bf16": 1054723831851.0376
    },
    "T_cpu": 31403726233.63631,
    "t_kvcpy_cpu": 9.09996034081928e-8,
    "t_kvcpy_gpu": 9.09996034081928e-8,
    "t_ram2vram": 0,
    "t_vram2ram": 0,
    "t_comm": 0.5,
    "s_disk": 14891883.352444254,
    "d_avail_ram": 3228368896,
    "sgpu_cuda": null,
    "sgpu_metal": {
        "f32": 840532899809.6041,
        "fp16": 1321707147734.2808,
        "bf16": 1294714713096.7058
    },
    "T_cuda": null,
    "T_metal": 53228109191.01138,
    "d_avail_cuda": null,
    "d_avail_metal": 3228368896,
    "c_cpu": 0,
    "c_gpu": 0,
    "d_bytes_can_swap": 6442450944,
    "d_swap_avail": 1163853824
}