{"name": "dnet-device-kais-MacBook-Air.local", "os_type": "mac_metal", "is_head": false, "is_unified_mem": true, "has_cuda": false, "has_metal": true, "scpu": {"f32": {"b_1": 2745546504264.836, "b_2": 2717551998584.5664, "b_4": 2721743949339.9575, "b_8": 2647144397367.7583, "b_16": 2391740051089.4287, "b_32": 2241196026648.9243}, "fp16": {"b_1": 2658385457041.949, "b_2": 2659303640487.8745, "b_4": 2640304923884.643, "b_8": 2601999580352.582, "b_16": 2572323283015.1084, "b_32": 2501870609817.4688}, "bf16": {"b_1": 2471073625472.162, "b_2": 2822102245453.9697, "b_4": 2537444455539.117, "b_8": 2350526161929.572, "b_16": 2338957719209.0786, "b_32": 2450231421976.987}}, "T_cpu": 41622336646.822815, "t_kvcpy_cpu": 3.803054332389422e-08, "t_kvcpy_gpu": 3.803054332389422e-08, "t_ram2vram": 0.0, "t_vram2ram": 0.0, "t_comm": 0.02, "s_disk": 478690332.92025715, "d_avail_ram": 7428784128, "sgpu_cuda": null, "sgpu_metal": {"f32": {"b_1": 2745546504264.836, "b_2": 2717551998584.5664, "b_4": 2721743949339.9575, "b_8": 2647144397367.7583, "b_16": 2391740051089.4287, "b_32": 2241196026648.9243}, "fp16": {"b_1": 2658385457041.949, "b_2": 2659303640487.8745, "b_4": 2640304923884.643, "b_8": 2601999580352.582, "b_16": 2572323283015.1084, "b_32": 2501870609817.4688}, "bf16": {"b_1": 2471073625472.162, "b_2": 2822102245453.9697, "b_4": 2537444455539.117, "b_8": 2350526161929.572, "b_16": 2338957719209.0786, "b_32": 2450231421976.987}}, "T_cuda": null, "T_metal": 190830186294.4863, "d_avail_cuda": null, "d_avail_metal": 7428784128, "c_cpu": 0, "c_gpu": 0, "d_bytes_can_swap": 0, "d_swap_avail": 0}