{
  "name": "erhant-work-963.local",
  "os_type": "mac_metal",
  "is_head": true,
  "is_unified_mem": true,
  "has_cuda": false,
  "has_metal": true,
  "scpu": {
    "f32": {
      "b_1": 906286574007.3004,
      "b_2": 893057283883.1671,
      "b_4": 894429643268.2524,
      "b_8": 891938146147.8184,
      "b_16": 805350029926.5117,
      "b_32": 897714830566.8967
    },
    "fp16": {
      "b_1": 1340361090736.2378,
      "b_2": 1499813715774.2058,
      "b_4": 1652583927679.2095,
      "b_8": 1609112541063.8083,
      "b_16": 1599378563522.1763,
      "b_32": 1408406475832.8352
    },
    "bf16": {
      "b_1": 1448064592285.6326,
      "b_2": 1454954847743.4631,
      "b_4": 1211426132831.3086,
      "b_8": 1043714019537.4763,
      "b_16": 1325526850513.1152,
      "b_32": 998699678409.123
    }
  },
  "T_cpu": 15266145922.553438,
  "t_kvcpy_cpu": 2.060719299368241e-7,
  "t_kvcpy_gpu": 2.060719299368241e-7,
  "t_ram2vram": 0.0,
  "t_vram2ram": 0.0,
  "t_comm": 0.0,
  "s_disk": 11326963.759749027,
  "d_avail_ram": 3315154944,
  "sgpu_cuda": null,
  "sgpu_metal": {
    "f32": {
      "b_1": 906286574007.3004,
      "b_2": 893057283883.1671,
      "b_4": 894429643268.2524,
      "b_8": 891938146147.8184,
      "b_16": 805350029926.5117,
      "b_32": 897714830566.8967
    },
    "fp16": {
      "b_1": 1340361090736.2378,
      "b_2": 1499813715774.2058,
      "b_4": 1652583927679.2095,
      "b_8": 1609112541063.8083,
      "b_16": 1599378563522.1763,
      "b_32": 1408406475832.8352
    },
    "bf16": {
      "b_1": 1448064592285.6326,
      "b_2": 1454954847743.4631,
      "b_4": 1211426132831.3086,
      "b_8": 1043714019537.4763,
      "b_16": 1325526850513.1152,
      "b_32": 998699678409.123
    }
  },
  "T_cuda": null,
  "T_metal": 73033414475.13867,
  "d_avail_cuda": null,
  "d_avail_metal": 3315154944,
  "c_cpu": 0,
  "c_gpu": 0,
  "d_bytes_can_swap": 11811160064,
  "d_swap_avail": 382074880
}
